prompt,regenerations,structure_id
Brick-built car with detailed roof and protruding bumper.,13,fd5f1376-4d9d-40d3-a2c9-933e229a4009
Brick vehicle featuring rectangular shape and raised roof elements.,1,fd5f1376-4d9d-40d3-a2c9-933e229a4009
"Car with a blocky structure, defined roof, and distinct front bumper.",2,fd5f1376-4d9d-40d3-a2c9-933e229a4009
"A rectangular car form with a stepped roof, angular windshield area, front bumper extending slightly forward, and defined wheel placements.",5,fd5f1376-4d9d-40d3-a2c9-933e229a4009
"A car featuring a rectangular chassis, with a stepped roof design and varied height levels. The front bumper extends outward, and the windshield area is recessed. It has angular elements on top, indicative of a roof and window details. The structure includes defined placements for four wheels.",22,fd5f1376-4d9d-40d3-a2c9-933e229a4009
Brick-built car with detailed roof and protruding bumper.,18,7cb2a7d9-3c81-47b1-89cd-26d4f13153b4
Brick vehicle featuring rectangular shape and raised roof elements.,6,7cb2a7d9-3c81-47b1-89cd-26d4f13153b4
"Car with a blocky structure, defined roof, and distinct front bumper.",3,7cb2a7d9-3c81-47b1-89cd-26d4f13153b4
"A rectangular car form with a stepped roof, angular windshield area, front bumper extending slightly forward, and defined wheel placements.",7,7cb2a7d9-3c81-47b1-89cd-26d4f13153b4
"A car featuring a rectangular chassis, with a stepped roof design and varied height levels. The front bumper extends outward, and the windshield area is recessed. It has angular elements on top, indicative of a roof and window details. The structure includes defined placements for four wheels.",3,7cb2a7d9-3c81-47b1-89cd-26d4f13153b4
Compact car with defined geometric features and angular contours.,2,8a9c164f-5e11-41e4-ba70-f0669ab3d033
A small car exhibiting a box-like structure and prominent edges.,4,8a9c164f-5e11-41e4-ba70-f0669ab3d033
"A blocky car shape with angular front, flat top, and rectangular sides.",2,8a9c164f-5e11-41e4-ba70-f0669ab3d033
"A car featuring a stepped front bumper beneath an angular hood, square roof, and precise rectangular body.",6,8a9c164f-5e11-41e4-ba70-f0669ab3d033
"A geometric car with an angular hood, stepped front bumper, flat roof, and rectangular sides. The body is compact, with distinct, sharp edges forming a cohesive rectangular shape. The front grill is recessed, enhancing the defined contour of the vehicle.",8,8a9c164f-5e11-41e4-ba70-f0669ab3d033
Compact car with a rectangular body and angular corners.,8,405fb729-8ff6-4f6b-b1d2-7c4067371d5c
"A car with an angular, box-like structure and defined corners.",0,405fb729-8ff6-4f6b-b1d2-7c4067371d5c
"Boxy car featuring a flat top and vertical sides, with a rectangular layout.",3,405fb729-8ff6-4f6b-b1d2-7c4067371d5c
"A car with a flat, rectangular roof, vertical window sections, box-like contours, and an angular front.",22,405fb729-8ff6-4f6b-b1d2-7c4067371d5c
"A car with a flat rectangular roof, vertical window panels on both sides, and defined boxy contours with an angular front and rear design, supported by a blocky understructure.",2,405fb729-8ff6-4f6b-b1d2-7c4067371d5c
Compact car with a rectangular body and angular corners.,3,0b0a4be5-7cfa-46d2-aca6-9070dcfac171
"A car with an angular, box-like structure and defined corners.",5,0b0a4be5-7cfa-46d2-aca6-9070dcfac171
"Boxy car featuring a flat top and vertical sides, with a rectangular layout.",3,0b0a4be5-7cfa-46d2-aca6-9070dcfac171
"A car with a flat, rectangular roof, vertical window sections, box-like contours, and an angular front.",9,0b0a4be5-7cfa-46d2-aca6-9070dcfac171
"A car with a flat rectangular roof, vertical window panels on both sides, and defined boxy contours with an angular front and rear design, supported by a blocky understructure.",3,0b0a4be5-7cfa-46d2-aca6-9070dcfac171
Compact car shape with geometric components.,1,af09dc1a-bf90-45a5-996c-74f052a0ad13
Rectangular car body with angular extensions and tiered surfaces.,1,af09dc1a-bf90-45a5-996c-74f052a0ad13
Angular vehicle with a streamlined roof and pronounced rectangular base.,1,af09dc1a-bf90-45a5-996c-74f052a0ad13
"Boxy automobile featuring a stepped roofline and protruding, squared rear section.",1,af09dc1a-bf90-45a5-996c-74f052a0ad13
"Car with a low, rectangular structure, featuring a stepped roofline and a flat front. The rear is squared and extends outward, with multiple rectangular segments clearly defining the geometric form.",11,af09dc1a-bf90-45a5-996c-74f052a0ad13
Compact car shape with geometric components.,38,50a9225a-5599-4128-aee9-e716458f102e
Rectangular car body with angular extensions and tiered surfaces.,5,50a9225a-5599-4128-aee9-e716458f102e
Angular vehicle with a streamlined roof and pronounced rectangular base.,16,50a9225a-5599-4128-aee9-e716458f102e
"Boxy automobile featuring a stepped roofline and protruding, squared rear section.",27,50a9225a-5599-4128-aee9-e716458f102e
"Car with a low, rectangular structure, featuring a stepped roofline and a flat front. The rear is squared and extends outward, with multiple rectangular segments clearly defining the geometric form.",7,50a9225a-5599-4128-aee9-e716458f102e
Compact car with a blocky form.,19,fe042a53-55db-4885-8e36-02683200f1c4
Compact automobile featuring a block-based rectangular body.,4,fe042a53-55db-4885-8e36-02683200f1c4
"Automobile with a rectangular body, flat roof, and angular sides.",12,fe042a53-55db-4885-8e36-02683200f1c4
"Car with a rectangular body, a flat top, and an angled front. The vehicle has blocky wheels set underneath.",5,fe042a53-55db-4885-8e36-02683200f1c4
"Rectangular car with a flat upper surface and sloped front. The front features a protruding block arrangement, while four square wheels with block edges support the body.",3,fe042a53-55db-4885-8e36-02683200f1c4
Compact car with smooth contours and angular lines.,1,0ea3be70-6bd2-448f-9f96-34ce244bd03f
"Angular car with a flat top, hinted curves, and geometric sides.",8,0ea3be70-6bd2-448f-9f96-34ce244bd03f
"Car featuring a flat roof, squared rear, and a contoured front with block-like features.",0,0ea3be70-6bd2-448f-9f96-34ce244bd03f
"Boxy car form with tiered roof, distinct rectangular rear, contoured front, and layered side panels.",2,0ea3be70-6bd2-448f-9f96-34ce244bd03f
"A compact car with a flat, rectangular roof blending into angular sides. The front is curved with squared headlight structures. The rear has pronounced rectangular features, while the sides are layered with incremental steps towards the base.",11,0ea3be70-6bd2-448f-9f96-34ce244bd03f
Compact car with smooth contours and angular lines.,11,cace7e3a-663a-4990-ae56-293cda033d3c
"Angular car with a flat top, hinted curves, and geometric sides.",32,cace7e3a-663a-4990-ae56-293cda033d3c
"Car featuring a flat roof, squared rear, and a contoured front with block-like features.",8,cace7e3a-663a-4990-ae56-293cda033d3c
"Boxy car form with tiered roof, distinct rectangular rear, contoured front, and layered side panels.",5,cace7e3a-663a-4990-ae56-293cda033d3c
"A compact car with a flat, rectangular roof blending into angular sides. The front is curved with squared headlight structures. The rear has pronounced rectangular features, while the sides are layered with incremental steps towards the base.",6,cace7e3a-663a-4990-ae56-293cda033d3c
"Compact car with a blocky, angular form.",8,62617df7-621f-4bf6-84df-7085055dba16
Brick-based vehicle with a tiered roof and rectangular windows.,4,62617df7-621f-4bf6-84df-7085055dba16
Boxy automobile featuring a layered rear and geometric front grille.,9,62617df7-621f-4bf6-84df-7085055dba16
"Chunky car characterized by stacked bricks forming a two-tier roof, squared-off windows, and a robust grille design.",5,62617df7-621f-4bf6-84df-7085055dba16
"A cuboid car with a tiered roof, comprising rectangular, interlocked sections. Squared windows align symmetrically along the sides, while a segmented grille dominates the front edge, flanked by blocky wheel protrusions, creating a balanced and angular aesthetic.",3,62617df7-621f-4bf6-84df-7085055dba16
"Compact car with a blocky, angular form.",3,a5e92d8c-cfd9-4a5f-bc15-13dec745a8e8
Brick-based vehicle with a tiered roof and rectangular windows.,11,a5e92d8c-cfd9-4a5f-bc15-13dec745a8e8
Boxy automobile featuring a layered rear and geometric front grille.,2,a5e92d8c-cfd9-4a5f-bc15-13dec745a8e8
"Chunky car characterized by stacked bricks forming a two-tier roof, squared-off windows, and a robust grille design.",1,a5e92d8c-cfd9-4a5f-bc15-13dec745a8e8
"A cuboid car with a tiered roof, comprising rectangular, interlocked sections. Squared windows align symmetrically along the sides, while a segmented grille dominates the front edge, flanked by blocky wheel protrusions, creating a balanced and angular aesthetic.",12,a5e92d8c-cfd9-4a5f-bc15-13dec745a8e8
"A minimalist car with a compact, boxy structure.",3,dedd8afe-04c6-4e95-b4ed-7df177842bb9
Compact car featuring a rectangular main body and squared edges.,5,dedd8afe-04c6-4e95-b4ed-7df177842bb9
"Car with a box-like body, flat roof, and angular contours.",1,dedd8afe-04c6-4e95-b4ed-7df177842bb9
"Boxy car form with a flat top, square wheels, and protruding front section.",7,dedd8afe-04c6-4e95-b4ed-7df177842bb9
"A rectangular car with a flat roof, vertical front block acting as a bumper, and square wheels integrated beneath. The sides and rear are distinctly flat, while the front section is slightly forward-angled.",14,dedd8afe-04c6-4e95-b4ed-7df177842bb9
"A minimalist car with a compact, boxy structure.",7,37d342d0-3467-43b8-b203-5c2580462327
Compact car featuring a rectangular main body and squared edges.,18,37d342d0-3467-43b8-b203-5c2580462327
"Car with a box-like body, flat roof, and angular contours.",17,37d342d0-3467-43b8-b203-5c2580462327
"Boxy car form with a flat top, square wheels, and protruding front section.",0,37d342d0-3467-43b8-b203-5c2580462327
"A rectangular car with a flat roof, vertical front block acting as a bumper, and square wheels integrated beneath. The sides and rear are distinctly flat, while the front section is slightly forward-angled.",1,37d342d0-3467-43b8-b203-5c2580462327
Compact vehicle with rounded edges and blocky structure.,21,9c02a5ff-e92f-4ec1-b3f8-49990e19a6a1
Rectangular car form with rounded corners and layered sections.,2,9c02a5ff-e92f-4ec1-b3f8-49990e19a6a1
The car features a block-like shape with a gently sloping front and squared rear.,5,9c02a5ff-e92f-4ec1-b3f8-49990e19a6a1
"Boxy car design, rounded corners, elevated rear, layered top detail, and recessed front.",100,9c02a5ff-e92f-4ec1-b3f8-49990e19a6a1
"A rectangular car with rounded corners. The front features a slight slope, while the rear is elevated with a blocky appearance. The top consists of several layered sections, and the front incorporates a recessed area with squared elements.",25,9c02a5ff-e92f-4ec1-b3f8-49990e19a6a1
Compact vehicle with rounded edges and blocky structure.,9,22f92cf7-89aa-43c9-a60e-ecc3baa6c42d
Rectangular car form with rounded corners and layered sections.,0,22f92cf7-89aa-43c9-a60e-ecc3baa6c42d
The car features a block-like shape with a gently sloping front and squared rear.,4,22f92cf7-89aa-43c9-a60e-ecc3baa6c42d
"Boxy car design, rounded corners, elevated rear, layered top detail, and recessed front.",4,22f92cf7-89aa-43c9-a60e-ecc3baa6c42d
"A rectangular car with rounded corners. The front features a slight slope, while the rear is elevated with a blocky appearance. The top consists of several layered sections, and the front incorporates a recessed area with squared elements.",2,22f92cf7-89aa-43c9-a60e-ecc3baa6c42d
Compact car with blocky geometric features.,2,5bec0bfc-8136-466e-805f-7e5192f0d719
Car form with angular contours and layered surfaces.,15,5bec0bfc-8136-466e-805f-7e5192f0d719
"Block-shaped car with a flat roof, stepped sides, and protruding front.",0,5bec0bfc-8136-466e-805f-7e5192f0d719
"A compact automobile with a rectangular base, segmented rooftop, and tiered front and rear ends.",2,5bec0bfc-8136-466e-805f-7e5192f0d719
"A small car featuring a boxy body with an angular roof. The sides are constructed with staggered blocks that build toward the top. The front and rear end have a series of gradually receding layers, adding depth to the angular geometry.",33,5bec0bfc-8136-466e-805f-7e5192f0d719
Compact car with blocky geometric features.,26,f4059a6f-0557-4f70-9643-811d78e48065
Car form with angular contours and layered surfaces.,22,f4059a6f-0557-4f70-9643-811d78e48065
"Block-shaped car with a flat roof, stepped sides, and protruding front.",9,f4059a6f-0557-4f70-9643-811d78e48065
"A compact automobile with a rectangular base, segmented rooftop, and tiered front and rear ends.",1,f4059a6f-0557-4f70-9643-811d78e48065
"A small car featuring a boxy body with an angular roof. The sides are constructed with staggered blocks that build toward the top. The front and rear end have a series of gradually receding layers, adding depth to the angular geometry.",5,f4059a6f-0557-4f70-9643-811d78e48065
A basic car shape with a compact structure.,2,3cf62c1e-8026-47b9-bfc4-27664894343c
Compact automobile form with an angular roof and defined edges.,2,3cf62c1e-8026-47b9-bfc4-27664894343c
"Car with an angular rear and prominent, tiered front hood contours.",0,3cf62c1e-8026-47b9-bfc4-27664894343c
"Automotive form featuring a tiered hood, angular roof, and pronounced rear section, with discrete block placements suggesting wheels.",5,3cf62c1e-8026-47b9-bfc4-27664894343c
"A car form with an angular roof, tiered hood, and distinct, elevated rear. It displays pronounced geometric sections, with horizontal and vertical block sequences forming the body and subtle, recessed areas representing wheel arches.",8,3cf62c1e-8026-47b9-bfc4-27664894343c
A basic car shape with a compact structure.,1,977a1644-3d13-42c4-a62c-2649163a30c6
Compact automobile form with an angular roof and defined edges.,10,977a1644-3d13-42c4-a62c-2649163a30c6
"Car with an angular rear and prominent, tiered front hood contours.",4,977a1644-3d13-42c4-a62c-2649163a30c6
"Automotive form featuring a tiered hood, angular roof, and pronounced rear section, with discrete block placements suggesting wheels.",9,977a1644-3d13-42c4-a62c-2649163a30c6
"A car form with an angular roof, tiered hood, and distinct, elevated rear. It displays pronounced geometric sections, with horizontal and vertical block sequences forming the body and subtle, recessed areas representing wheel arches.",2,977a1644-3d13-42c4-a62c-2649163a30c6
"Car with rectangular body, smooth curves, and solid build.",1,ff4086b1-b7f1-4cf5-9c16-1d55d01869ea
"Compact car with smooth curves, flat roof, and even sides.",1,ff4086b1-b7f1-4cf5-9c16-1d55d01869ea
"Car featuring a rectangular and slightly tapered body, smooth curves, and balanced stance.",7,ff4086b1-b7f1-4cf5-9c16-1d55d01869ea
"Rectangular car with flat roof, slightly tapered sides, tiered detailing on the roof, and layered sides.",3,ff4086b1-b7f1-4cf5-9c16-1d55d01869ea
"A compact car with a rectangular body, featuring a flat roof and slightly tapered sides. The roof showcases tiered details, while the sides are layered. The car’s shape is smooth and curves uniformly around the edges, connecting the balanced front and rear sections.",7,ff4086b1-b7f1-4cf5-9c16-1d55d01869ea
"Car with rectangular body, smooth curves, and solid build.",4,ce23086c-1512-4a81-93b6-ce4d7c15afd7
"Compact car with smooth curves, flat roof, and even sides.",13,ce23086c-1512-4a81-93b6-ce4d7c15afd7
"Car featuring a rectangular and slightly tapered body, smooth curves, and balanced stance.",3,ce23086c-1512-4a81-93b6-ce4d7c15afd7
"Rectangular car with flat roof, slightly tapered sides, tiered detailing on the roof, and layered sides.",8,ce23086c-1512-4a81-93b6-ce4d7c15afd7
"A compact car with a rectangular body, featuring a flat roof and slightly tapered sides. The roof showcases tiered details, while the sides are layered. The car’s shape is smooth and curves uniformly around the edges, connecting the balanced front and rear sections.",3,ce23086c-1512-4a81-93b6-ce4d7c15afd7
Compact car form with angular features and layered structure.,5,bea508b3-092a-4be5-999a-802d3f5690f2
"The car exhibits a rectangular body with stacked, tiered elements.",27,bea508b3-092a-4be5-999a-802d3f5690f2
Car features a cubic body with staggered layers and a flat roof.,2,bea508b3-092a-4be5-999a-802d3f5690f2
"The auto has a blocky front, stepped roof, and angular rear.",0,bea508b3-092a-4be5-999a-802d3f5690f2
"This car has a rectangular body, segmented roof, and layered sides. The rear end is slightly raised with protruding edges. The front is angular, composed of flat elements, forming a sloped hood. The sides are tiered, comprising descending layers from the roof to the base.",3,bea508b3-092a-4be5-999a-802d3f5690f2
Compact car form with angular features and layered structure.,7,681b1b36-72b0-4e95-99e0-1f3c70248ccf
"The car exhibits a rectangular body with stacked, tiered elements.",7,681b1b36-72b0-4e95-99e0-1f3c70248ccf
Car features a cubic body with staggered layers and a flat roof.,55,681b1b36-72b0-4e95-99e0-1f3c70248ccf
"The auto has a blocky front, stepped roof, and angular rear.",18,681b1b36-72b0-4e95-99e0-1f3c70248ccf
"This car has a rectangular body, segmented roof, and layered sides. The rear end is slightly raised with protruding edges. The front is angular, composed of flat elements, forming a sloped hood. The sides are tiered, comprising descending layers from the roof to the base.",17,681b1b36-72b0-4e95-99e0-1f3c70248ccf
Car with angular design and rectangular features.,2,e9a88922-ad49-4a0a-b2ef-4d28b2891958
Rectangular car shape with a tiered rooftop and sloped front.,4,e9a88922-ad49-4a0a-b2ef-4d28b2891958
"Car exhibiting a blocky form with an elevated rear, detailed with protruding sections.",1,e9a88922-ad49-4a0a-b2ef-4d28b2891958
"An angular car shape featuring multiple rectangular layers, a raised front end, and a stepped roofline.",6,e9a88922-ad49-4a0a-b2ef-4d28b2891958
"The car has a blocky, geometric form featuring a series of horizontal layers. It sports a slightly elevated front section with a sloping design. Boxy wheel arches dominate each corner, enhancing the angular aesthetic. The roof is tiered and slightly recessed, ending with a defined rear section.",3,e9a88922-ad49-4a0a-b2ef-4d28b2891958
Car with angular design and rectangular features.,1,154f1293-361d-4e9e-91f9-e659b2d195d5
Rectangular car shape with a tiered rooftop and sloped front.,2,154f1293-361d-4e9e-91f9-e659b2d195d5
"Car exhibiting a blocky form with an elevated rear, detailed with protruding sections.",5,154f1293-361d-4e9e-91f9-e659b2d195d5
"An angular car shape featuring multiple rectangular layers, a raised front end, and a stepped roofline.",2,154f1293-361d-4e9e-91f9-e659b2d195d5
"The car has a blocky, geometric form featuring a series of horizontal layers. It sports a slightly elevated front section with a sloping design. Boxy wheel arches dominate each corner, enhancing the angular aesthetic. The roof is tiered and slightly recessed, ending with a defined rear section.",7,154f1293-361d-4e9e-91f9-e659b2d195d5
Compact car with rectangular body and geometric features.,1,9e8b7d0f-11a6-4d4e-b9c7-439a717f7520
Rectangular car form with angular lines and protrusions.,3,9e8b7d0f-11a6-4d4e-b9c7-439a717f7520
"Car with elongated rectangular body, layered top, and structured base.",8,9e8b7d0f-11a6-4d4e-b9c7-439a717f7520
"Rectangular car form featuring a tiered top, angular sides, and defined edges.",13,9e8b7d0f-11a6-4d4e-b9c7-439a717f7520
"Car with a rectangular base, layered top section, angular sides, and distinct geometric elements suggesting details like a roof and bumpers.",10,9e8b7d0f-11a6-4d4e-b9c7-439a717f7520
Compact car with rectangular body and geometric features.,9,e2963b0a-b2a4-4902-9924-d958f79940eb
Rectangular car form with angular lines and protrusions.,4,e2963b0a-b2a4-4902-9924-d958f79940eb
"Car with elongated rectangular body, layered top, and structured base.",3,e2963b0a-b2a4-4902-9924-d958f79940eb
"Rectangular car form featuring a tiered top, angular sides, and defined edges.",33,e2963b0a-b2a4-4902-9924-d958f79940eb
"Car with a rectangular base, layered top section, angular sides, and distinct geometric elements suggesting details like a roof and bumpers.",0,e2963b0a-b2a4-4902-9924-d958f79940eb
Compact car with a rectangular body and distinct contours.,36,98b30096-b482-471d-8a0a-a90b84770a24
Rectangular car with elevated rear section and rounded front edges.,3,98b30096-b482-471d-8a0a-a90b84770a24
"Car with a flat top, sloped windshield, and tiered rear section.",0,98b30096-b482-471d-8a0a-a90b84770a24
"A car featuring a flat top, rectangular sides, and subtly rounded front. The windshield slopes gently towards the front, while the rear section steps down in a tiered fashion, adding distinct layers to the rear profile.",3,98b30096-b482-471d-8a0a-a90b84770a24
"A car with a mainly rectangular body topped by a flat roof. The front is gently rounded, leading into a sloped windshield, producing a streamlined front profile. The rear has two distinct levels, giving the back a stepped appearance. Rectangular indentations on all sides provide additional geometric interest.",2,98b30096-b482-471d-8a0a-a90b84770a24
Compact car with a rectangular body and distinct contours.,11,334e7c6a-4ecb-42fb-9dd2-a17697453864
Rectangular car with elevated rear section and rounded front edges.,1,334e7c6a-4ecb-42fb-9dd2-a17697453864
"Car with a flat top, sloped windshield, and tiered rear section.",3,334e7c6a-4ecb-42fb-9dd2-a17697453864
"A car featuring a flat top, rectangular sides, and subtly rounded front. The windshield slopes gently towards the front, while the rear section steps down in a tiered fashion, adding distinct layers to the rear profile.",6,334e7c6a-4ecb-42fb-9dd2-a17697453864
"A car with a mainly rectangular body topped by a flat roof. The front is gently rounded, leading into a sloped windshield, producing a streamlined front profile. The rear has two distinct levels, giving the back a stepped appearance. Rectangular indentations on all sides provide additional geometric interest.",4,334e7c6a-4ecb-42fb-9dd2-a17697453864
Compact vehicle featuring layered rectangular components.,3,0cb6d2ed-745e-457e-b795-54153b2651d1
"A compact automobile with layered, rectangular elements forming its core.",33,0cb6d2ed-745e-457e-b795-54153b2651d1
Automobile characterized by a rectangular body and tiered sections. The front and rear show a stepped configuration with parallel lines.,4,0cb6d2ed-745e-457e-b795-54153b2651d1
"This compact car has a geometric design with rectangular tiers. Both the front and rear sections consist of stacked, parallel components. Sides feature integrated angular shapes.",2,0cb6d2ed-745e-457e-b795-54153b2651d1
"The car displays a geometric form with layered rectangles, creating a structured layout. The front and rear each exhibit a tiered design, composed of parallel, stepped layers. The sides incorporate interconnected angular elements, contributing to an overall coherent shape.",1,0cb6d2ed-745e-457e-b795-54153b2651d1
Compact vehicle featuring layered rectangular components.,22,93233f08-ae76-4740-990f-34b18a1b4f66
"A compact automobile with layered, rectangular elements forming its core.",10,93233f08-ae76-4740-990f-34b18a1b4f66
Automobile characterized by a rectangular body and tiered sections. The front and rear show a stepped configuration with parallel lines.,14,93233f08-ae76-4740-990f-34b18a1b4f66
"This compact car has a geometric design with rectangular tiers. Both the front and rear sections consist of stacked, parallel components. Sides feature integrated angular shapes.",2,93233f08-ae76-4740-990f-34b18a1b4f66
"The car displays a geometric form with layered rectangles, creating a structured layout. The front and rear each exhibit a tiered design, composed of parallel, stepped layers. The sides incorporate interconnected angular elements, contributing to an overall coherent shape.",11,93233f08-ae76-4740-990f-34b18a1b4f66
Compact car with rounded roof and structured sides.,18,20f12161-0cd4-41bd-875d-714f60e57cd2
"The vehicle features a smooth, curved top and squared sides.",23,20f12161-0cd4-41bd-875d-714f60e57cd2
"Car body showcases a rounded roofline, uniform blocks, and angular edges.",1,20f12161-0cd4-41bd-875d-714f60e57cd2
"Automobile with a gently arched roof, rectangular sides, and tiered rear.",19,20f12161-0cd4-41bd-875d-714f60e57cd2
"The car features a gently curved top with a tiered back section, rectangular sides, and a uniform block layout on the roof and side frames.",14,20f12161-0cd4-41bd-875d-714f60e57cd2
Compact vehicle with blocky geometric contours.,5,65b14898-9992-41ef-ad0a-9fb8b6b156ec
Rectangular vehicle with squared edges and segmented structure.,2,65b14898-9992-41ef-ad0a-9fb8b6b156ec
Boxy car shape with tiered layers and rows of small projections.,9,65b14898-9992-41ef-ad0a-9fb8b6b156ec
"Rectangular car form with a blocky roof and small vertical projections on top, overhanging the main body.",1,65b14898-9992-41ef-ad0a-9fb8b6b156ec
"Box-shaped car with a prominent top, defined by small vertical peaks, and the bottom section slightly recessed, creating noticeable edges along the rectangular body.",3,65b14898-9992-41ef-ad0a-9fb8b6b156ec
Compact car with angular build and distinct geometric lines.,34,1ee0d55a-fb75-46d8-8743-6ebf731c15ec
"The car displays a rectangular body with defined, sharp edges.",8,1ee0d55a-fb75-46d8-8743-6ebf731c15ec
An angular car featuring a block-like structure with prominent squared contours.,8,1ee0d55a-fb75-46d8-8743-6ebf731c15ec
"The vehicle is composed of a layered, angular form with a flat top and consistent geometric lines throughout its body.",4,1ee0d55a-fb75-46d8-8743-6ebf731c15ec
"This car consists of a rectangular base with layered, block-like sections creating a boxy appearance. The front and back are squared with consistent proportionality along the sides, and the top surface is flat and segmented, contributing to its distinctive geometric form.",5,1ee0d55a-fb75-46d8-8743-6ebf731c15ec
Compact car with angular build and distinct geometric lines.,1,d3bc6e20-7da0-4335-9ebe-50d243c5fbbe
"The car displays a rectangular body with defined, sharp edges.",33,d3bc6e20-7da0-4335-9ebe-50d243c5fbbe
An angular car featuring a block-like structure with prominent squared contours.,8,d3bc6e20-7da0-4335-9ebe-50d243c5fbbe
"The vehicle is composed of a layered, angular form with a flat top and consistent geometric lines throughout its body.",11,d3bc6e20-7da0-4335-9ebe-50d243c5fbbe
"This car consists of a rectangular base with layered, block-like sections creating a boxy appearance. The front and back are squared with consistent proportionality along the sides, and the top surface is flat and segmented, contributing to its distinctive geometric form.",1,d3bc6e20-7da0-4335-9ebe-50d243c5fbbe
"Toy car with blocky, angular shape and prominent front.",9,32fec060-363a-45cf-b604-9d8e02ef43a3
Rectangular toy car with squared front and layered blocks.,13,32fec060-363a-45cf-b604-9d8e02ef43a3
Blocky toy car featuring a rectangular body and tiered structure.,28,32fec060-363a-45cf-b604-9d8e02ef43a3
"Robust toy car with a cubic form, layered roof section, and protruding front.",30,32fec060-363a-45cf-b604-9d8e02ef43a3
"A toy car comprised of rectangular sections, block-by-block, with an angular roof, distinct square front, and slightly elevated rear, showcasing its overall cuboid geometry.",0,32fec060-363a-45cf-b604-9d8e02ef43a3
"Toy car with blocky, angular shape and prominent front.",4,348ec7b7-945c-4206-b901-f449f1fe39a6
Rectangular toy car with squared front and layered blocks.,6,348ec7b7-945c-4206-b901-f449f1fe39a6
Blocky toy car featuring a rectangular body and tiered structure.,5,348ec7b7-945c-4206-b901-f449f1fe39a6
"Robust toy car with a cubic form, layered roof section, and protruding front.",8,348ec7b7-945c-4206-b901-f449f1fe39a6
"A toy car comprised of rectangular sections, block-by-block, with an angular roof, distinct square front, and slightly elevated rear, showcasing its overall cuboid geometry.",4,348ec7b7-945c-4206-b901-f449f1fe39a6
"Compact car with a blocky, geometric form.",0,4fc8d070-79f3-41d4-a182-61a7a1e91c86
Blocky vehicle featuring rounded edges and layered surfaces.,0,4fc8d070-79f3-41d4-a182-61a7a1e91c86
"Geometric car with a tiered roof, sloped front, and squared rear.",4,4fc8d070-79f3-41d4-a182-61a7a1e91c86
"Car with a rectangular body, sloped hood, tiered roof, and angular rear corners.",5,4fc8d070-79f3-41d4-a182-61a7a1e91c86
"A compact car with squared edges, a step-like roof, inclined hood, flat side panels, and a blocky rear. The roof is three stepped layers, while the rear and front are slightly recessed with protruding details for the hood and trunk areas.",4,4fc8d070-79f3-41d4-a182-61a7a1e91c86
"Compact car with a blocky, geometric form.",1,1dbbeaef-bb28-4d8c-bb9b-9194007eb6fc
Blocky vehicle featuring rounded edges and layered surfaces.,14,1dbbeaef-bb28-4d8c-bb9b-9194007eb6fc
"Geometric car with a tiered roof, sloped front, and squared rear.",10,1dbbeaef-bb28-4d8c-bb9b-9194007eb6fc
"Car with a rectangular body, sloped hood, tiered roof, and angular rear corners.",23,1dbbeaef-bb28-4d8c-bb9b-9194007eb6fc
"A compact car with squared edges, a step-like roof, inclined hood, flat side panels, and a blocky rear. The roof is three stepped layers, while the rear and front are slightly recessed with protruding details for the hood and trunk areas.",6,1dbbeaef-bb28-4d8c-bb9b-9194007eb6fc
Compact toy vehicle with angular body and simple form.,5,68229605-9453-49e1-91a4-d8c766a60a38
"Toy automobile with blocky body, prominent wheels, and minimalist roof.",2,68229605-9453-49e1-91a4-d8c766a60a38
"Brick-like vehicle featuring angular sides, rectangular roof panel, and rounded front.",3,68229605-9453-49e1-91a4-d8c766a60a38
"Toy car with a layered body, distinct cuboid cabin, cylindrical exhaust, and tiered rear end.",8,68229605-9453-49e1-91a4-d8c766a60a38
"Constructed vehicle with an angular, layered body; the cabin sits centrally. The rear is more elevated with a cylindrical exhaust, and the front has a slightly rounded shape with distinct angles, suggesting a hood. The sides are flat with an even, block-like structure.",2,68229605-9453-49e1-91a4-d8c766a60a38
Compact toy vehicle with angular body and simple form.,14,98bb61c1-5bca-42cc-9739-53a64c3dd976
"Toy automobile with blocky body, prominent wheels, and minimalist roof.",10,98bb61c1-5bca-42cc-9739-53a64c3dd976
"Brick-like vehicle featuring angular sides, rectangular roof panel, and rounded front.",12,98bb61c1-5bca-42cc-9739-53a64c3dd976
"Toy car with a layered body, distinct cuboid cabin, cylindrical exhaust, and tiered rear end.",13,98bb61c1-5bca-42cc-9739-53a64c3dd976
"Constructed vehicle with an angular, layered body; the cabin sits centrally. The rear is more elevated with a cylindrical exhaust, and the front has a slightly rounded shape with distinct angles, suggesting a hood. The sides are flat with an even, block-like structure.",22,98bb61c1-5bca-42cc-9739-53a64c3dd976
Compact car with angular features and layered structure.,6,8086477b-f21e-4d4b-b475-914ac36fcd48
A small car with a blocky front segment and streamlined rear.,27,8086477b-f21e-4d4b-b475-914ac36fcd48
"Compact car design includes a distinct hood, a low roofline, and tapered rear.",9,8086477b-f21e-4d4b-b475-914ac36fcd48
"The car includes a solid base, a sloped front area, segmented roof, and raised rear section.",5,8086477b-f21e-4d4b-b475-914ac36fcd48
"This car features a rectangular base with a raised front section, creating a wedge shape. The low-sitting central roof is flanked by gradual slopes leading to a tapered rear. Each side displays symmetrical protrusions defining its front and back ends, adding to its geometric balance.",2,8086477b-f21e-4d4b-b475-914ac36fcd48
Compact car with angular features and layered structure.,5,508fa491-0256-4fcc-bf48-b7be71aec612
A small car with a blocky front segment and streamlined rear.,10,508fa491-0256-4fcc-bf48-b7be71aec612
"Compact car design includes a distinct hood, a low roofline, and tapered rear.",16,508fa491-0256-4fcc-bf48-b7be71aec612
"The car includes a solid base, a sloped front area, segmented roof, and raised rear section.",2,508fa491-0256-4fcc-bf48-b7be71aec612
"This car features a rectangular base with a raised front section, creating a wedge shape. The low-sitting central roof is flanked by gradual slopes leading to a tapered rear. Each side displays symmetrical protrusions defining its front and back ends, adding to its geometric balance.",2,508fa491-0256-4fcc-bf48-b7be71aec612
"Compact car with layered, rectangular block components.",4,7f21a60c-505a-404b-8b4f-bb7a223d6fc0
"A car shape featuring a stacked, rectangular form with angled top.",21,7f21a60c-505a-404b-8b4f-bb7a223d6fc0
"Car with a flat rectangular roof, layered sides, and short front.",7,7f21a60c-505a-404b-8b4f-bb7a223d6fc0
"Rectangular car body with distinct, tiered layers and smooth corners.",10,7f21a60c-505a-404b-8b4f-bb7a223d6fc0
"Vehicle form with a layered, rectangular body, angled top, and smooth edges.",9,7f21a60c-505a-404b-8b4f-bb7a223d6fc0
Car with a blocky form and protruding elements.,2,a83a9e59-89db-4dab-b5ee-d3575fdd2e6e
Rectangular car with geometric contours and distinct layered elevations.,9,a83a9e59-89db-4dab-b5ee-d3575fdd2e6e
"Car featuring a segmented roof, angular body, and pronounced front and rear.",7,a83a9e59-89db-4dab-b5ee-d3575fdd2e6e
"A blocky car with angular sides, stepped roof, and elevated rear section. The front and back have protruding sections.",3,a83a9e59-89db-4dab-b5ee-d3575fdd2e6e
"Blocky, angular car with a stepped roof and raised rear. The front and back protrude slightly, and the sides feature a uniform, tiered arrangement.",9,a83a9e59-89db-4dab-b5ee-d3575fdd2e6e
Car with a blocky form and protruding elements.,41,b7e87b8b-ee27-4774-a510-b7a9147b1f9f
Rectangular car with geometric contours and distinct layered elevations.,22,b7e87b8b-ee27-4774-a510-b7a9147b1f9f
"Car featuring a segmented roof, angular body, and pronounced front and rear.",6,b7e87b8b-ee27-4774-a510-b7a9147b1f9f
"A blocky car with angular sides, stepped roof, and elevated rear section. The front and back have protruding sections.",30,b7e87b8b-ee27-4774-a510-b7a9147b1f9f
"Blocky, angular car with a stepped roof and raised rear. The front and back protrude slightly, and the sides feature a uniform, tiered arrangement.",9,b7e87b8b-ee27-4774-a510-b7a9147b1f9f
Compact car with angular and blocky form.,4,314a93a1-214f-4367-8e7f-c434e84a8846
A vehicle with a blocky shape and structured outline.,8,314a93a1-214f-4367-8e7f-c434e84a8846
Boxy car featuring elevated front and rear sections with a flat roof.,2,314a93a1-214f-4367-8e7f-c434e84a8846
"Angular car with a rectangular body, slightly elevated roof, and distinct wheel arches.",45,314a93a1-214f-4367-8e7f-c434e84a8846
"A compact, geometric car with a rectangular profile and raised roof. The front and rear are elevated with recessed sections for wheels, creating a defined angular structure.",3,314a93a1-214f-4367-8e7f-c434e84a8846
Compact car with angular and blocky form.,28,6ca3aff4-3c40-44e2-845d-2879bae7bcd9
A vehicle with a blocky shape and structured outline.,6,6ca3aff4-3c40-44e2-845d-2879bae7bcd9
Boxy car featuring elevated front and rear sections with a flat roof.,5,6ca3aff4-3c40-44e2-845d-2879bae7bcd9
"Angular car with a rectangular body, slightly elevated roof, and distinct wheel arches.",1,6ca3aff4-3c40-44e2-845d-2879bae7bcd9
"A compact, geometric car with a rectangular profile and raised roof. The front and rear are elevated with recessed sections for wheels, creating a defined angular structure.",5,6ca3aff4-3c40-44e2-845d-2879bae7bcd9
Compact car with a squared body.,10,512668ee-33b9-4ae1-9d8b-10c738fd118f
Boxy car featuring layered segments and angular outlines.,3,512668ee-33b9-4ae1-9d8b-10c738fd118f
"Compact vehicle with a squared front, tiered roof, and rounded wheel arches.",7,512668ee-33b9-4ae1-9d8b-10c738fd118f
"Vehicle with a boxy profile, squared nose, stepped windshield, rounded wheel arches, and blocky rear.",6,512668ee-33b9-4ae1-9d8b-10c738fd118f
"A compact car with a squared-off front and two levels at the top, having a stepped windshield and tiered roof. The body features rounded arches for wheels, a blocky rear structure, and angular contours that define its overall geometry.",3,512668ee-33b9-4ae1-9d8b-10c738fd118f
Compact car with a squared body.,5,63864311-bbde-4ce3-9d2e-d8858d5d9d6c
Boxy car featuring layered segments and angular outlines.,10,63864311-bbde-4ce3-9d2e-d8858d5d9d6c
"Compact vehicle with a squared front, tiered roof, and rounded wheel arches.",4,63864311-bbde-4ce3-9d2e-d8858d5d9d6c
"Vehicle with a boxy profile, squared nose, stepped windshield, rounded wheel arches, and blocky rear.",17,63864311-bbde-4ce3-9d2e-d8858d5d9d6c
"A compact car with a squared-off front and two levels at the top, having a stepped windshield and tiered roof. The body features rounded arches for wheels, a blocky rear structure, and angular contours that define its overall geometry.",6,63864311-bbde-4ce3-9d2e-d8858d5d9d6c
A basic car shape with defined contours and stacked layers.,40,2ad976c6-6287-41e5-8571-62ab42e747b5
"Rectangular car form with smooth, sloping front and rear sections.",100,2ad976c6-6287-41e5-8571-62ab42e747b5
"Geometric car body featuring a layered top, smooth edges, and defined front.",6,2ad976c6-6287-41e5-8571-62ab42e747b5
"The car exhibits a blocky profile, square rear end, and curved roofline.",7,2ad976c6-6287-41e5-8571-62ab42e747b5
"An angular car with a sloped front, layered roof, and hefty rectangular rear. The roof gently curves over the central body, while the front tapers slightly. The car’s rear has a squared design, adding balance to the overall shape.",20,2ad976c6-6287-41e5-8571-62ab42e747b5
A basic car shape with defined contours and stacked layers.,3,e977680b-a537-4074-9550-549198aab896
"Rectangular car form with smooth, sloping front and rear sections.",11,e977680b-a537-4074-9550-549198aab896
"Geometric car body featuring a layered top, smooth edges, and defined front.",5,e977680b-a537-4074-9550-549198aab896
"The car exhibits a blocky profile, square rear end, and curved roofline.",5,e977680b-a537-4074-9550-549198aab896
"An angular car with a sloped front, layered roof, and hefty rectangular rear. The roof gently curves over the central body, while the front tapers slightly. The car’s rear has a squared design, adding balance to the overall shape.",0,e977680b-a537-4074-9550-549198aab896
"Compact car with blocky, angular exterior.",6,d6e30210-f605-401f-a71d-583a08f58caf
"The car features a robust, geometric form with layered surfaces.",2,d6e30210-f605-401f-a71d-583a08f58caf
A vehicle showcasing a cuboid body and slightly elevated roof structure.,6,d6e30210-f605-401f-a71d-583a08f58caf
The car includes a blocky exterior defined by a stepped roof and indented front.,1,d6e30210-f605-401f-a71d-583a08f58caf
"A small car with a compact, angular body. It has a layered roof design tapering towards the rear. The front features indented lines, while the sides are smooth with rectangular windows formed by gaps in the structure.",1,d6e30210-f605-401f-a71d-583a08f58caf
"Compact car with blocky, angular exterior.",8,a252f49d-d71f-40ea-8c90-fce9d383ad67
"The car features a robust, geometric form with layered surfaces.",7,a252f49d-d71f-40ea-8c90-fce9d383ad67
A vehicle showcasing a cuboid body and slightly elevated roof structure.,3,a252f49d-d71f-40ea-8c90-fce9d383ad67
The car includes a blocky exterior defined by a stepped roof and indented front.,9,a252f49d-d71f-40ea-8c90-fce9d383ad67
"A small car with a compact, angular body. It has a layered roof design tapering towards the rear. The front features indented lines, while the sides are smooth with rectangular windows formed by gaps in the structure.",1,a252f49d-d71f-40ea-8c90-fce9d383ad67
Compact car with distinctive geometric features.,22,a4496596-3d62-4d74-a76a-1bc71641b452
A boxy car shape with layered rectangular elements.,8,a4496596-3d62-4d74-a76a-1bc71641b452
"The car features a rectangular body, prominent layered front, and angular sides.",0,a4496596-3d62-4d74-a76a-1bc71641b452
"A car with a blocky body, distinct stepped front profile, and angular rear section.",13,a4496596-3d62-4d74-a76a-1bc71641b452
"A car characterized by a rectangular body with angular, tiered front layers and an indented rear section, juxtaposing straight and stepped lines.",3,a4496596-3d62-4d74-a76a-1bc71641b452
Compact car with a boxy shape and layered surfaces.,5,89d7730c-6a2e-493a-8422-43dbf3ff535f
Compact vehicle featuring a rectangular body with a stepped profile.,11,89d7730c-6a2e-493a-8422-43dbf3ff535f
A cuboid car structure with tiered surfaces and defined angles.,2,89d7730c-6a2e-493a-8422-43dbf3ff535f
Rectangular car formation with layered elevation and contoured sections. The front and rear segments display angular projections and recesses.,5,89d7730c-6a2e-493a-8422-43dbf3ff535f
"A compact car form with a rectangular body and step-like elevation. The front end features angular protrusions and defined edges, while the sides are smooth with a gradual rise toward the roof, ending in a distinct rear structure.",1,89d7730c-6a2e-493a-8422-43dbf3ff535f
Compact car with a boxy shape and layered surfaces.,5,bd165d22-3a44-4e75-b309-618cbe6c1535
Compact vehicle featuring a rectangular body with a stepped profile.,10,bd165d22-3a44-4e75-b309-618cbe6c1535
A cuboid car structure with tiered surfaces and defined angles.,1,bd165d22-3a44-4e75-b309-618cbe6c1535
Rectangular car formation with layered elevation and contoured sections. The front and rear segments display angular projections and recesses.,3,bd165d22-3a44-4e75-b309-618cbe6c1535
"A compact car form with a rectangular body and step-like elevation. The front end features angular protrusions and defined edges, while the sides are smooth with a gradual rise toward the roof, ending in a distinct rear structure.",1,bd165d22-3a44-4e75-b309-618cbe6c1535
Compact toy car with blocky geometry and angular features.,4,94a3cea1-718e-417d-bf6d-7433fde9437f
A toy car with a rectangular body and box-like shapes.,4,94a3cea1-718e-417d-bf6d-7433fde9437f
"The car features a flat top, angular sides, and squared edges.",5,94a3cea1-718e-417d-bf6d-7433fde9437f
"The toy car has a rectangular frame with layered, stacked elements forming its body.",16,94a3cea1-718e-417d-bf6d-7433fde9437f
"This car showcases a boxy form with a distinct rectangular cabin, a layered roof, and a compact front end. The angular body includes a subtly raised section along the top center, flanked by squared side sections.",19,94a3cea1-718e-417d-bf6d-7433fde9437f
Compact toy car with blocky geometry and angular features.,2,42711e28-acdf-4928-9a32-15325646da05
A toy car with a rectangular body and box-like shapes.,6,42711e28-acdf-4928-9a32-15325646da05
"The car features a flat top, angular sides, and squared edges.",27,42711e28-acdf-4928-9a32-15325646da05
"The toy car has a rectangular frame with layered, stacked elements forming its body.",2,42711e28-acdf-4928-9a32-15325646da05
"This car showcases a boxy form with a distinct rectangular cabin, a layered roof, and a compact front end. The angular body includes a subtly raised section along the top center, flanked by squared side sections.",2,42711e28-acdf-4928-9a32-15325646da05
Compact car with angular and blocky features.,11,f297bfe6-9229-4940-b88c-086460d799e1
"A small vehicle with a boxy, geometric form and tiered elements.",20,f297bfe6-9229-4940-b88c-086460d799e1
"The car features a rectangular base with a segmented roof and tiered, layered surfaces.",4,f297bfe6-9229-4940-b88c-086460d799e1
"This vehicle showcases a rectangular body, stepped roof, and layered, angular surfaces, with small appendages representing wheels.",4,f297bfe6-9229-4940-b88c-086460d799e1
"A compact car with a rectangular body, blocky profile, tiered roof, and angular elements. It has pronounced steps on the top surfaces and protruding sections at the base, suggesting wheels beneath its rectangular structure.",0,f297bfe6-9229-4940-b88c-086460d799e1
Compact car with angular and blocky features.,14,c2479ef9-a8d9-4d59-a822-5b76266b2bc3
"A small vehicle with a boxy, geometric form and tiered elements.",8,c2479ef9-a8d9-4d59-a822-5b76266b2bc3
"The car features a rectangular base with a segmented roof and tiered, layered surfaces.",2,c2479ef9-a8d9-4d59-a822-5b76266b2bc3
"This vehicle showcases a rectangular body, stepped roof, and layered, angular surfaces, with small appendages representing wheels.",7,c2479ef9-a8d9-4d59-a822-5b76266b2bc3
"A compact car with a rectangular body, blocky profile, tiered roof, and angular elements. It has pronounced steps on the top surfaces and protruding sections at the base, suggesting wheels beneath its rectangular structure.",3,c2479ef9-a8d9-4d59-a822-5b76266b2bc3
A compact car with prominent geometric features.,10,a7686701-a08b-4866-99f2-b68eecaba659
The car has a blocky body with raised front and back sections.,4,a7686701-a08b-4866-99f2-b68eecaba659
"Compact car with a rectangular body, elevated rear, and chiseled front end.",9,a7686701-a08b-4866-99f2-b68eecaba659
"A rectangular car structure with distinct angular contours, featuring an elevated rear and detailed front sections.",12,a7686701-a08b-4866-99f2-b68eecaba659
"The car shows a rectangular form with a raised rear and blocky front. The body has layered angular contours along the sides, and the top surface is flat with small projections at the front and rear, giving it a defined geometric profile.",16,a7686701-a08b-4866-99f2-b68eecaba659
"Compact car with a layered, angular facade.",6,2c766469-09de-433a-8cde-0c106e693e59
Angular car featuring tiered roof and geometric sides.,50,2c766469-09de-433a-8cde-0c106e693e59
"Car with a boxy front, tiered rooftop, and angular sides.",12,2c766469-09de-433a-8cde-0c106e693e59
"Geometric car showcasing a stepped roof and angular, layered body.",18,2c766469-09de-433a-8cde-0c106e693e59
"A compact car with an angular design featuring a stepped roof and boxy front. The sides are composed of layered, rectangular segments, creating an angular profile. The rear displays a slightly elevated section, adding to the stepped aesthetic.",0,2c766469-09de-433a-8cde-0c106e693e59
"Compact car with a layered, angular facade.",6,79d2aaa6-8c00-46fa-b258-7471b0a41be7
Angular car featuring tiered roof and geometric sides.,0,79d2aaa6-8c00-46fa-b258-7471b0a41be7
"Car with a boxy front, tiered rooftop, and angular sides.",13,79d2aaa6-8c00-46fa-b258-7471b0a41be7
"Geometric car showcasing a stepped roof and angular, layered body.",4,79d2aaa6-8c00-46fa-b258-7471b0a41be7
"A compact car with an angular design featuring a stepped roof and boxy front. The sides are composed of layered, rectangular segments, creating an angular profile. The rear displays a slightly elevated section, adding to the stepped aesthetic.",3,79d2aaa6-8c00-46fa-b258-7471b0a41be7
"A compact, block-based car with layered elements.",0,87e3c1ad-9567-42ab-a83d-96b31c285314
A rectangular car with a layered roof and protruding front grille.,7,87e3c1ad-9567-42ab-a83d-96b31c285314
"A boxy car featuring a tiered roof, protruding front grille, and stacked rear.",6,87e3c1ad-9567-42ab-a83d-96b31c285314
"A car with a flat, rectangular top, prominent stacked front grille, layered sides, and rectangular rear.",2,87e3c1ad-9567-42ab-a83d-96b31c285314
"A compact car with a rectangular base, flat top surface, vertically layered sides, protruding front grille composed of small segments, and a tiered rear section utilizing a block-stack design.",16,87e3c1ad-9567-42ab-a83d-96b31c285314
"A compact, block-based car with layered elements.",1,e26b7fc1-cb23-4aeb-a039-011e136f91eb
A rectangular car with a layered roof and protruding front grille.,5,e26b7fc1-cb23-4aeb-a039-011e136f91eb
"A boxy car featuring a tiered roof, protruding front grille, and stacked rear.",1,e26b7fc1-cb23-4aeb-a039-011e136f91eb
"A car with a flat, rectangular top, prominent stacked front grille, layered sides, and rectangular rear.",14,e26b7fc1-cb23-4aeb-a039-011e136f91eb
"A compact car with a rectangular base, flat top surface, vertically layered sides, protruding front grille composed of small segments, and a tiered rear section utilizing a block-stack design.",4,e26b7fc1-cb23-4aeb-a039-011e136f91eb
"Compact car with a smooth, rounded roof and integrated bumpers.",7,9eb64462-bf7a-42bc-9a06-51bd3ee6e79e
"A car with a streamlined body, prominent front grille, and rounded edges.",10,9eb64462-bf7a-42bc-9a06-51bd3ee6e79e
"A car featuring a low, flat rectangular base, subtly curved roof, and defined front and rear sections.",6,9eb64462-bf7a-42bc-9a06-51bd3ee6e79e
"This car shows a flat, elongated body with a slightly arched top, rectangular front grille, and wide wheel placements.",1,9eb64462-bf7a-42bc-9a06-51bd3ee6e79e
"The car has a flat, rectangular base with a slightly curved top. The front is squared with layered, stepped formation. The roof curves gently into the rear, which is broad and slightly tapered. Rectangular rear panels extend slightly outward, complementing the overall compact form.",7,9eb64462-bf7a-42bc-9a06-51bd3ee6e79e
Compact car with a blocky geometric form.,2,115fa015-7072-46d6-9a61-e41f23674f7a
The car has a rectangular body with stepped elevation.,53,115fa015-7072-46d6-9a61-e41f23674f7a
A rectangular car with tiered layers and a flat top surface.,3,115fa015-7072-46d6-9a61-e41f23674f7a
"The car features a rectangular body, elevated rear section, and layered roof.",15,115fa015-7072-46d6-9a61-e41f23674f7a
"A compact car with a rectangular form. The front has a stepped arrangement, and the roof is layered. The rear section is slightly elevated with a flat back surface. Small round elements indicate the wheel areas.",26,115fa015-7072-46d6-9a61-e41f23674f7a
Compact car with a blocky geometric form.,0,95d98133-7d22-4fa5-a896-70c192b60b37
The car has a rectangular body with stepped elevation.,5,95d98133-7d22-4fa5-a896-70c192b60b37
A rectangular car with tiered layers and a flat top surface.,5,95d98133-7d22-4fa5-a896-70c192b60b37
"The car features a rectangular body, elevated rear section, and layered roof.",5,95d98133-7d22-4fa5-a896-70c192b60b37
"A compact car with a rectangular form. The front has a stepped arrangement, and the roof is layered. The rear section is slightly elevated with a flat back surface. Small round elements indicate the wheel areas.",0,95d98133-7d22-4fa5-a896-70c192b60b37
Compact vehicle with a rounded top and blocky features.,40,9f1a70da-e1d3-4825-af1d-5b636fa7b3b4
Boxy car with rounded roof and pronounced front and rear segments.,30,9f1a70da-e1d3-4825-af1d-5b636fa7b3b4
"Automobile with cylindrical top section, rectangular body, and distinctive front.",8,9f1a70da-e1d3-4825-af1d-5b636fa7b3b4
"Car structure featuring a rounded roof, two-block high sides, protruding front section, and defined rear.",7,9f1a70da-e1d3-4825-af1d-5b636fa7b3b4
"A compact vehicle with a smoothly rounded top and angular body. The roof is gently arched, with taller rear columns. The front protrudes slightly, composed of stepped layers, while the rear maintains a flat, defined edge.",4,9f1a70da-e1d3-4825-af1d-5b636fa7b3b4
Compact vehicle with a rounded top and blocky features.,27,8fc82da2-247f-441a-bbf7-3f330cd494b7
Boxy car with rounded roof and pronounced front and rear segments.,0,8fc82da2-247f-441a-bbf7-3f330cd494b7
"Automobile with cylindrical top section, rectangular body, and distinctive front.",6,8fc82da2-247f-441a-bbf7-3f330cd494b7
"Car structure featuring a rounded roof, two-block high sides, protruding front section, and defined rear.",9,8fc82da2-247f-441a-bbf7-3f330cd494b7
"A compact vehicle with a smoothly rounded top and angular body. The roof is gently arched, with taller rear columns. The front protrudes slightly, composed of stepped layers, while the rear maintains a flat, defined edge.",16,8fc82da2-247f-441a-bbf7-3f330cd494b7
Rectangular car shape with simple geometric elements.,16,b667e1c2-9182-4d42-863d-4311d33f5f2d
Compact car form with a consistent blocky facade.,4,b667e1c2-9182-4d42-863d-4311d33f5f2d
Car structure includes a boxy body and defined edges.,13,b667e1c2-9182-4d42-863d-4311d33f5f2d
"The car features a uniform, box-like body with protruding front details and recessed rear sections.",1,b667e1c2-9182-4d42-863d-4311d33f5f2d
"This car exhibits a rectangular body, with protruding front bumper components and a recessed back end. The top holds a centered, small vertical structure, flanked by flat roof panels. The sides are flat with smooth transitions to the top.",5,b667e1c2-9182-4d42-863d-4311d33f5f2d
Rectangular car shape with simple geometric elements.,0,7c717031-1e22-4c03-beca-3425b6a26e82
Compact car form with a consistent blocky facade.,21,7c717031-1e22-4c03-beca-3425b6a26e82
Car structure includes a boxy body and defined edges.,17,7c717031-1e22-4c03-beca-3425b6a26e82
"The car features a uniform, box-like body with protruding front details and recessed rear sections.",4,7c717031-1e22-4c03-beca-3425b6a26e82
"This car exhibits a rectangular body, with protruding front bumper components and a recessed back end. The top holds a centered, small vertical structure, flanked by flat roof panels. The sides are flat with smooth transitions to the top.",49,7c717031-1e22-4c03-beca-3425b6a26e82
Compact car with blocky edges and layered top features.,0,d8664700-ecf1-4725-a21a-281df3285521
Box-shaped car with stepped roof and protruding front sections.,11,d8664700-ecf1-4725-a21a-281df3285521
Rectangular car structure with staggered roof elements and angular body.,2,d8664700-ecf1-4725-a21a-281df3285521
"Car featuring flat-topped cabin, stacked front contours, and squared-overhanging rear.",2,d8664700-ecf1-4725-a21a-281df3285521
"Square car with multi-layered roof. The layered roof integrates with the rectangular body, featuring a front with protruding blocks and a rear section that squares off sharply. The car stands on four nearly integrated, angular base supports, providing a sturdy and cohesive appearance.",4,d8664700-ecf1-4725-a21a-281df3285521
Compact car with blocky edges and layered top features.,0,05e3d2bc-6d07-4e77-83c8-548a1353fd31
Box-shaped car with stepped roof and protruding front sections.,3,05e3d2bc-6d07-4e77-83c8-548a1353fd31
Rectangular car structure with staggered roof elements and angular body.,2,05e3d2bc-6d07-4e77-83c8-548a1353fd31
"Car featuring flat-topped cabin, stacked front contours, and squared-overhanging rear.",5,05e3d2bc-6d07-4e77-83c8-548a1353fd31
"Square car with multi-layered roof. The layered roof integrates with the rectangular body, featuring a front with protruding blocks and a rear section that squares off sharply. The car stands on four nearly integrated, angular base supports, providing a sturdy and cohesive appearance.",8,05e3d2bc-6d07-4e77-83c8-548a1353fd31
"Car featuring a boxy, compact shape with defined edges.",3,b030a057-0144-4c20-8bef-9423f9eaf7d5
"Automobile with a rectangular body, sloped front end, and flat top.",7,b030a057-0144-4c20-8bef-9423f9eaf7d5
"Four-wheeled vehicle, rectangular form, front and rear sections with subtle layering.",27,b030a057-0144-4c20-8bef-9423f9eaf7d5
"Compact car with distinguished rectangular framework, angular roofline, and tiered rear structure.",4,b030a057-0144-4c20-8bef-9423f9eaf7d5
"Rectangular car with a layered front, squared-off rear, rounded top edges, and evenly spaced block contours along the sides.",7,b030a057-0144-4c20-8bef-9423f9eaf7d5
"Car featuring a boxy, compact shape with defined edges.",2,37d199c2-533d-48f6-aed3-25f9ac30b465
"Automobile with a rectangular body, sloped front end, and flat top.",9,37d199c2-533d-48f6-aed3-25f9ac30b465
"Four-wheeled vehicle, rectangular form, front and rear sections with subtle layering.",46,37d199c2-533d-48f6-aed3-25f9ac30b465
"Compact car with distinguished rectangular framework, angular roofline, and tiered rear structure.",11,37d199c2-533d-48f6-aed3-25f9ac30b465
"Rectangular car with a layered front, squared-off rear, rounded top edges, and evenly spaced block contours along the sides.",8,37d199c2-533d-48f6-aed3-25f9ac30b465
"Car with a blocky, compact shape and simple geometric features.",4,24378116-9cd8-45c8-b125-1a053ef76355
A compact car featuring a boxy form with a consistent height.,7,24378116-9cd8-45c8-b125-1a053ef76355
"Rectangular car body with defined edges and a consistent, smooth top.",17,24378116-9cd8-45c8-b125-1a053ef76355
"Box-shaped car with a flat roof, prominent front, and uniform sides.",10,24378116-9cd8-45c8-b125-1a053ef76355
"Boxy car design with a flat roof, stepped front, and angular sides, maintaining a coherent rectangular form throughout.",5,24378116-9cd8-45c8-b125-1a053ef76355
"Car with a blocky, compact shape and simple geometric features.",3,3783657e-2413-4ab1-b327-52df7ba14b2c
A compact car featuring a boxy form with a consistent height.,25,3783657e-2413-4ab1-b327-52df7ba14b2c
"Rectangular car body with defined edges and a consistent, smooth top.",12,3783657e-2413-4ab1-b327-52df7ba14b2c
"Box-shaped car with a flat roof, prominent front, and uniform sides.",2,3783657e-2413-4ab1-b327-52df7ba14b2c
"Boxy car design with a flat roof, stepped front, and angular sides, maintaining a coherent rectangular form throughout.",3,3783657e-2413-4ab1-b327-52df7ba14b2c
Car with a rectangular elongated body and stepped front.,11,2f9e7776-e4a3-42d2-a261-b281b7991838
Elongated car featuring a rectangular shape with a stepped front section.,21,2f9e7776-e4a3-42d2-a261-b281b7991838
"Rectangular car with elongated build, stepped front, and layered top bricks.",8,2f9e7776-e4a3-42d2-a261-b281b7991838
"Car with a long rectangular form, raised front area, and two rows of bricks on top forming tiers.",1,2f9e7776-e4a3-42d2-a261-b281b7991838
"A car with an elongated rectangular shape, comprising a flat base that's about five times as long as it is wide. The front has a stepped design, featuring raised sections. The top includes two rows of layered bricks, adding a tiered appearance.",2,2f9e7776-e4a3-42d2-a261-b281b7991838
Car with a rectangular elongated body and stepped front.,12,5c026d2a-e71c-4586-b053-71f9dc6e50f7
Elongated car featuring a rectangular shape with a stepped front section.,0,5c026d2a-e71c-4586-b053-71f9dc6e50f7
"Rectangular car with elongated build, stepped front, and layered top bricks.",17,5c026d2a-e71c-4586-b053-71f9dc6e50f7
"Car with a long rectangular form, raised front area, and two rows of bricks on top forming tiers.",2,5c026d2a-e71c-4586-b053-71f9dc6e50f7
"A car with an elongated rectangular shape, comprising a flat base that's about five times as long as it is wide. The front has a stepped design, featuring raised sections. The top includes two rows of layered bricks, adding a tiered appearance.",1,5c026d2a-e71c-4586-b053-71f9dc6e50f7
A small car with blocky and angular features.,45,bad91e31-691e-4b17-9375-f3c420315845
Compact vehicle with a squared-off body and raised central section.,12,bad91e31-691e-4b17-9375-f3c420315845
"Boxy car with flat, stepped roof and rectangular rear enclosure.",17,bad91e31-691e-4b17-9375-f3c420315845
"Rectangular car featuring a prominent central column and staggered roof height. The front is slightly tapered upwards, contrasting with the flat, extended rear section.",9,bad91e31-691e-4b17-9375-f3c420315845
"A compact car with a blocky, angular structure. It showcases a stepped roof design, a central column behind the roof, and a raised front section. The rear is extended, capped with a flat enclosure, creating a squared-off aesthetic.",10,bad91e31-691e-4b17-9375-f3c420315845
A small car with blocky and angular features.,2,d4f79db0-2fca-47aa-9e34-ad04c1eb3efc
Compact vehicle with a squared-off body and raised central section.,1,d4f79db0-2fca-47aa-9e34-ad04c1eb3efc
"Boxy car with flat, stepped roof and rectangular rear enclosure.",20,d4f79db0-2fca-47aa-9e34-ad04c1eb3efc
"Rectangular car featuring a prominent central column and staggered roof height. The front is slightly tapered upwards, contrasting with the flat, extended rear section.",13,d4f79db0-2fca-47aa-9e34-ad04c1eb3efc
"A compact car with a blocky, angular structure. It showcases a stepped roof design, a central column behind the roof, and a raised front section. The rear is extended, capped with a flat enclosure, creating a squared-off aesthetic.",6,d4f79db0-2fca-47aa-9e34-ad04c1eb3efc
Car with a boxy shape and layered contours.,5,45102007-eb42-454e-b302-29e489bf46b6
Compact car featuring a rectangular form and stepped roof.,5,45102007-eb42-454e-b302-29e489bf46b6
"Boxy car with pronounced rectangular features, layered top, and unified silhouette.",2,45102007-eb42-454e-b302-29e489bf46b6
"A compact car shape with rectangular layers, a stepped roof, and defined vertical edges.",12,45102007-eb42-454e-b302-29e489bf46b6
"Rectangular car body with layered contours. The roof steps upward from front to back, the front is a detailed stepped area, and the rear exhibits a simple rectangular facade.",5,45102007-eb42-454e-b302-29e489bf46b6
Car with a boxy shape and layered contours.,4,29b9c79d-7fb9-4cb3-8405-7dc10d80aa5d
Compact car featuring a rectangular form and stepped roof.,2,29b9c79d-7fb9-4cb3-8405-7dc10d80aa5d
"Boxy car with pronounced rectangular features, layered top, and unified silhouette.",18,29b9c79d-7fb9-4cb3-8405-7dc10d80aa5d
"A compact car shape with rectangular layers, a stepped roof, and defined vertical edges.",3,29b9c79d-7fb9-4cb3-8405-7dc10d80aa5d
"Rectangular car body with layered contours. The roof steps upward from front to back, the front is a detailed stepped area, and the rear exhibits a simple rectangular facade.",1,29b9c79d-7fb9-4cb3-8405-7dc10d80aa5d
Four-wheeled car with blocky features.,11,0aee0d32-b4a5-4c56-ab24-30d745d61430
"Compact car with a blocky, rectangular body and visible wheels.",15,0aee0d32-b4a5-4c56-ab24-30d745d61430
"Rectangular car with layered top, angled back, and exposed wheels.",1,0aee0d32-b4a5-4c56-ab24-30d745d61430
"Car featuring a rectangular, stepped body with angular edges and square wheels at each corner.",27,0aee0d32-b4a5-4c56-ab24-30d745d61430
"A rectangular car with a stepped body and layered top. The back is angled slightly downward. Exposed square wheels are at each corner, while the front and sides are constructed with distinct block segments.",0,0aee0d32-b4a5-4c56-ab24-30d745d61430
Four-wheeled car with blocky features.,2,9a38102b-f0b8-478f-a57e-51dd89ca79d3
"Compact car with a blocky, rectangular body and visible wheels.",7,9a38102b-f0b8-478f-a57e-51dd89ca79d3
"Rectangular car with layered top, angled back, and exposed wheels.",4,9a38102b-f0b8-478f-a57e-51dd89ca79d3
"Car featuring a rectangular, stepped body with angular edges and square wheels at each corner.",4,9a38102b-f0b8-478f-a57e-51dd89ca79d3
"A rectangular car with a stepped body and layered top. The back is angled slightly downward. Exposed square wheels are at each corner, while the front and sides are constructed with distinct block segments.",10,9a38102b-f0b8-478f-a57e-51dd89ca79d3
Compact car with distinct geometric outlines and segmented body.,11,629ebcf2-18d5-45e5-9f2d-6cc2484a0a9e
"Boxy vehicle with pronounced edges, tiered rear, and flat top.",5,629ebcf2-18d5-45e5-9f2d-6cc2484a0a9e
Angular car featuring rectangular components and a pronounced elevated rear section.,10,629ebcf2-18d5-45e5-9f2d-6cc2484a0a9e
"A geometric car shape composed of stacked, rectangular sections forming elevated rear and flat front.",8,629ebcf2-18d5-45e5-9f2d-6cc2484a0a9e
"A vehicle structure with a flat rectangular top, tiered rear elevation, and a distinct box-like appearance, comprised of uniformly aligned rectangular segments.",13,629ebcf2-18d5-45e5-9f2d-6cc2484a0a9e
Car with an elongated body and angular edges.,7,76221de6-c2e8-4ef1-8005-65e746dfd23b
Vehicle featuring a blocky design with protruding front and rear sections.,12,76221de6-c2e8-4ef1-8005-65e746dfd23b
Automobile showcasing a compact form with a tiered roof and layered side details.,1,76221de6-c2e8-4ef1-8005-65e746dfd23b
"Boxy car structure with a stepped roof, flat hood, and prominent front bumper. The roofline extends backward, above a rear section with defined edges.",2,76221de6-c2e8-4ef1-8005-65e746dfd23b
"Rectangular car with a flat top surface and tiered elements. The front and rear bumpers are distinct, with layered sides and a prominent roof. Stacked elements suggest an angular shape across the length of the vehicle, creating a cohesive geometric appearance.",0,76221de6-c2e8-4ef1-8005-65e746dfd23b
Car with an elongated body and angular edges.,38,083479b1-ed8b-4310-bce0-00aed33ebc79
Vehicle featuring a blocky design with protruding front and rear sections.,14,083479b1-ed8b-4310-bce0-00aed33ebc79
Automobile showcasing a compact form with a tiered roof and layered side details.,12,083479b1-ed8b-4310-bce0-00aed33ebc79
"Boxy car structure with a stepped roof, flat hood, and prominent front bumper. The roofline extends backward, above a rear section with defined edges.",0,083479b1-ed8b-4310-bce0-00aed33ebc79
"Rectangular car with a flat top surface and tiered elements. The front and rear bumpers are distinct, with layered sides and a prominent roof. Stacked elements suggest an angular shape across the length of the vehicle, creating a cohesive geometric appearance.",11,083479b1-ed8b-4310-bce0-00aed33ebc79
"Compact car with layered, angular contours.",6,bebc2a7f-4ebd-48cf-8417-2ec4f67060c7
"Rectangular car with a smooth, tiered top and sharp edges.",1,bebc2a7f-4ebd-48cf-8417-2ec4f67060c7
"Vehicular form with a rectangular base, tiered roofline, and structured front.",5,bebc2a7f-4ebd-48cf-8417-2ec4f67060c7
Compact vehicle with a tiered roof and flat sides. The angular front integrates with rectangular sides and a slightly elevated rear section.,5,bebc2a7f-4ebd-48cf-8417-2ec4f67060c7
"A rectangular car featuring a structured, tiered roofline and sharply defined front. The sides are flat, while the rear rises subtly, balancing the overall angular geometry.",1,bebc2a7f-4ebd-48cf-8417-2ec4f67060c7
"Compact car with layered, angular contours.",13,2f8ae1ed-9e23-4b35-8c8d-27f3380cdc17
"Rectangular car with a smooth, tiered top and sharp edges.",1,2f8ae1ed-9e23-4b35-8c8d-27f3380cdc17
"Vehicular form with a rectangular base, tiered roofline, and structured front.",2,2f8ae1ed-9e23-4b35-8c8d-27f3380cdc17
Compact vehicle with a tiered roof and flat sides. The angular front integrates with rectangular sides and a slightly elevated rear section.,8,2f8ae1ed-9e23-4b35-8c8d-27f3380cdc17
"A rectangular car featuring a structured, tiered roofline and sharply defined front. The sides are flat, while the rear rises subtly, balancing the overall angular geometry.",2,2f8ae1ed-9e23-4b35-8c8d-27f3380cdc17
Car with a rectangular body and tiered layers.,14,8296de56-cfd0-4344-acb5-aed92c1757f2
A compact vehicle shape with a rectangular body and layered contours.,6,8296de56-cfd0-4344-acb5-aed92c1757f2
"A small car featuring a rectangular body, sloped front, and stepped roofline.",12,8296de56-cfd0-4344-acb5-aed92c1757f2
"Boxy car design with a rectangular base, sloped hood, tiered roof, and squared rear.",13,8296de56-cfd0-4344-acb5-aed92c1757f2
"A compact car with a rectangular chassis, sloped front section, tiered roof, and squared off rear. The central section features stepped layers, while the hood inclines gently towards the front, with the rear maintaining a squared and flat appearance.",5,8296de56-cfd0-4344-acb5-aed92c1757f2
Car with a rectangular body and tiered layers.,10,db0ac4bb-81a2-4be1-a2aa-61d109f8e0c4
A compact vehicle shape with a rectangular body and layered contours.,10,db0ac4bb-81a2-4be1-a2aa-61d109f8e0c4
"A small car featuring a rectangular body, sloped front, and stepped roofline.",3,db0ac4bb-81a2-4be1-a2aa-61d109f8e0c4
"Boxy car design with a rectangular base, sloped hood, tiered roof, and squared rear.",7,db0ac4bb-81a2-4be1-a2aa-61d109f8e0c4
"A compact car with a rectangular chassis, sloped front section, tiered roof, and squared off rear. The central section features stepped layers, while the hood inclines gently towards the front, with the rear maintaining a squared and flat appearance.",8,db0ac4bb-81a2-4be1-a2aa-61d109f8e0c4
Compact vehicle with a rounded top and flat sides.,12,60f97c0b-3791-4738-a546-d3e9add37786
"Car with a smooth, slightly arched roof and straight side panels.",23,60f97c0b-3791-4738-a546-d3e9add37786
"Vehicle featuring a rounded roof, flat rectangular sides, and square front.",1,60f97c0b-3791-4738-a546-d3e9add37786
"Boxy car with a curved roof and elongated, horizontal body. The rear is squared off, and the front has angular formations.",17,60f97c0b-3791-4738-a546-d3e9add37786
"A compact car with an arched roof covers a rectangular body. The sides are flat, and the front is stepped with block-like formations. The rear is square and flat, contrasting the slightly raised front section.",1,60f97c0b-3791-4738-a546-d3e9add37786
Compact vehicle with a rounded top and flat sides.,5,d54581f9-5a38-47ef-8c9c-6cae02f9595c
"Car with a smooth, slightly arched roof and straight side panels.",3,d54581f9-5a38-47ef-8c9c-6cae02f9595c
"Vehicle featuring a rounded roof, flat rectangular sides, and square front.",100,d54581f9-5a38-47ef-8c9c-6cae02f9595c
"Boxy car with a curved roof and elongated, horizontal body. The rear is squared off, and the front has angular formations.",4,d54581f9-5a38-47ef-8c9c-6cae02f9595c
"A compact car with an arched roof covers a rectangular body. The sides are flat, and the front is stepped with block-like formations. The rear is square and flat, contrasting the slightly raised front section.",2,d54581f9-5a38-47ef-8c9c-6cae02f9595c
Compact vehicle with angular contours and multi-layer surfaces.,36,aa4faecd-46c7-44db-982b-9550eebb63dd
Compact automobile displaying a box-like form with stepped layers.,11,aa4faecd-46c7-44db-982b-9550eebb63dd
"A compact vehicle with angular contours, multi-layered roof, and segmented sides.",17,aa4faecd-46c7-44db-982b-9550eebb63dd
Angular automobile featuring tiered sections with a layered top and distinct rectangular shapes.,3,aa4faecd-46c7-44db-982b-9550eebb63dd
"The vehicle showcases a compact form with angular contours. It has a boxy shape, with tiered sections creating a stacked appearance. The roof is multi-layered, and the sides are composed of distinct rectangular shapes, contributing to the overall angular design.",8,aa4faecd-46c7-44db-982b-9550eebb63dd
"A compact car with blocky, angular features.",44,983c663f-54dc-4f4a-b1b7-5e586cbc8c05
Compact car structure with squared edges and elevated front.,0,983c663f-54dc-4f4a-b1b7-5e586cbc8c05
"Car shape with cube-like contours, detailed side panels, and flat roof.",0,983c663f-54dc-4f4a-b1b7-5e586cbc8c05
"Rectangular car body with raised hood, tiered roof, and squared rear.",3,983c663f-54dc-4f4a-b1b7-5e586cbc8c05
Box-shaped car featuring angular contours; blocky sides with tiered roof; front raised above the flat midsection; rear block sculpted slightly higher than sides.,0,983c663f-54dc-4f4a-b1b7-5e586cbc8c05
"A compact car with blocky, angular features.",4,03342289-964c-4700-b92b-871778d689b9
Compact car structure with squared edges and elevated front.,13,03342289-964c-4700-b92b-871778d689b9
"Car shape with cube-like contours, detailed side panels, and flat roof.",70,03342289-964c-4700-b92b-871778d689b9
"Rectangular car body with raised hood, tiered roof, and squared rear.",0,03342289-964c-4700-b92b-871778d689b9
Box-shaped car featuring angular contours; blocky sides with tiered roof; front raised above the flat midsection; rear block sculpted slightly higher than sides.,7,03342289-964c-4700-b92b-871778d689b9
Car with layered rectangular shapes and protruding front.,5,f69c7f2e-309a-4518-82a4-6a7592154e77
"Compact vehicle with a layered body, flat roof, and stepped hood.",22,f69c7f2e-309a-4518-82a4-6a7592154e77
"Angular car composed of stacked rectangular sections, a front with tiered steps, and a flat top.",5,f69c7f2e-309a-4518-82a4-6a7592154e77
"Car with a rectangular base, elevated roof, stepped hood, and distinct front assembly. The top is smooth while the front features geometric protrusions.",26,f69c7f2e-309a-4518-82a4-6a7592154e77
"A compact car with a solid rectangular base, flat roof, tiered hood, and angular front. The car’s body exhibits a layered structure with a smooth top surface, and the front part consists of protruding geometric forms, creating a distinctive appearance.",6,f69c7f2e-309a-4518-82a4-6a7592154e77
Car with layered rectangular shapes and protruding front.,10,11493a99-59cd-4dd2-b4e7-aa411053035b
"Compact vehicle with a layered body, flat roof, and stepped hood.",10,11493a99-59cd-4dd2-b4e7-aa411053035b
"Angular car composed of stacked rectangular sections, a front with tiered steps, and a flat top.",7,11493a99-59cd-4dd2-b4e7-aa411053035b
"Car with a rectangular base, elevated roof, stepped hood, and distinct front assembly. The top is smooth while the front features geometric protrusions.",7,11493a99-59cd-4dd2-b4e7-aa411053035b
"A compact car with a solid rectangular base, flat roof, tiered hood, and angular front. The car’s body exhibits a layered structure with a smooth top surface, and the front part consists of protruding geometric forms, creating a distinctive appearance.",8,11493a99-59cd-4dd2-b4e7-aa411053035b
"Car with a smooth, flat top and a compact, solid structure.",7,512a78b0-e4e1-45eb-a2ad-84107bf9c1ee
"A rectangular car featuring a flat top and short, squared ends.",26,512a78b0-e4e1-45eb-a2ad-84107bf9c1ee
Rectangular car with a flat roof and compact form with squared front and back ends.,5,512a78b0-e4e1-45eb-a2ad-84107bf9c1ee
"Car with a smooth, elongated top surface, compact form, short squared ends, and uniform height.",32,512a78b0-e4e1-45eb-a2ad-84107bf9c1ee
"A rectangular car with a flat top surface and compact form. The front and back ends are short and squared, maintaining a consistent height throughout. The sides are straight, creating a streamlined appearance.",5,512a78b0-e4e1-45eb-a2ad-84107bf9c1ee
"Car with a smooth, flat top and a compact, solid structure.",100,9c510188-f6af-4147-a2f3-f3104f38345b
"A rectangular car featuring a flat top and short, squared ends.",0,9c510188-f6af-4147-a2f3-f3104f38345b
Rectangular car with a flat roof and compact form with squared front and back ends.,35,9c510188-f6af-4147-a2f3-f3104f38345b
"Car with a smooth, elongated top surface, compact form, short squared ends, and uniform height.",35,9c510188-f6af-4147-a2f3-f3104f38345b
"A rectangular car with a flat top surface and compact form. The front and back ends are short and squared, maintaining a consistent height throughout. The sides are straight, creating a streamlined appearance.",8,9c510188-f6af-4147-a2f3-f3104f38345b
"Car with a compact, geometric form and angular surfaces.",25,9717aee4-4122-4c45-a6e1-8ec4090fbdee
Compact automobile featuring angular contours and a geometric profile with elevated segments.,1,9717aee4-4122-4c45-a6e1-8ec4090fbdee
"Car with a flat top, angular front, recessed sides, and a slightly elevated hood.",3,9717aee4-4122-4c45-a6e1-8ec4090fbdee
"Automobile shaped with sharp angles, a flat roof, recessed windows, and a distinctly elevated rectangular hood at the front.",5,9717aee4-4122-4c45-a6e1-8ec4090fbdee
"A compact vehicle featuring a flat, rectangular roof, angular front with tiered layers, recessed side sections, and a boxy elevated hood. The rear has a squared finish, while the sides are defined by distinct stepped patterns.",9,9717aee4-4122-4c45-a6e1-8ec4090fbdee
"Car with a compact, geometric form and angular surfaces.",10,d6aec9c1-4abd-4b5d-92d9-9a87771676fc
Compact automobile featuring angular contours and a geometric profile with elevated segments.,3,d6aec9c1-4abd-4b5d-92d9-9a87771676fc
"Car with a flat top, angular front, recessed sides, and a slightly elevated hood.",17,d6aec9c1-4abd-4b5d-92d9-9a87771676fc
"Automobile shaped with sharp angles, a flat roof, recessed windows, and a distinctly elevated rectangular hood at the front.",4,d6aec9c1-4abd-4b5d-92d9-9a87771676fc
"A compact vehicle featuring a flat, rectangular roof, angular front with tiered layers, recessed side sections, and a boxy elevated hood. The rear has a squared finish, while the sides are defined by distinct stepped patterns.",0,d6aec9c1-4abd-4b5d-92d9-9a87771676fc
Compact car with distinct rectangular blocks and layered structure.,3,1f01953e-3002-49cc-b3f7-be1368cac3fc
Compact vehicle featuring a tiered rectangular form and blocky contours.,6,1f01953e-3002-49cc-b3f7-be1368cac3fc
"A block-shaped car with a squared-off roof, outlined sides, and a defined hood.",2,1f01953e-3002-49cc-b3f7-be1368cac3fc
"Squared vehicle with a defined hood, layered roof, and tiered body. The squared-off roof aligns with contoured sides connected to a solid base.",9,1f01953e-3002-49cc-b3f7-be1368cac3fc
"A vehicle constructed with a boxy hood, layered roof, and protruding elements on the rear. The roof runs parallel to the ground, connecting to squared sides and a streamlined front.",3,1f01953e-3002-49cc-b3f7-be1368cac3fc
Compact car with distinct rectangular blocks and layered structure.,10,4f98eb30-459d-4221-b995-8b63c9a3d003
Compact vehicle featuring a tiered rectangular form and blocky contours.,1,4f98eb30-459d-4221-b995-8b63c9a3d003
"A block-shaped car with a squared-off roof, outlined sides, and a defined hood.",1,4f98eb30-459d-4221-b995-8b63c9a3d003
"Squared vehicle with a defined hood, layered roof, and tiered body. The squared-off roof aligns with contoured sides connected to a solid base.",17,4f98eb30-459d-4221-b995-8b63c9a3d003
"A vehicle constructed with a boxy hood, layered roof, and protruding elements on the rear. The roof runs parallel to the ground, connecting to squared sides and a streamlined front.",11,4f98eb30-459d-4221-b995-8b63c9a3d003
Compact car with angular roof and blocky structure.,0,1b00bc94-c6c7-43ed-996d-f8af0d285655
Angular compact car with layered roof and squared sides.,1,1b00bc94-c6c7-43ed-996d-f8af0d285655
Boxy car featuring a stepped roof and squared rear.,1,1b00bc94-c6c7-43ed-996d-f8af0d285655
"A car with a tiered roof and block-like geometric layout. The roof cascades downward, meeting sharply angled side structures.",6,1b00bc94-c6c7-43ed-996d-f8af0d285655
"A compact car with a layered roof, forming distinct steps. The front exhibits a boxy contour, while the rear end is squared. The top transitions into angular side panels, creating a cohesive geometric form.",2,1b00bc94-c6c7-43ed-996d-f8af0d285655
